Location,Resort,Pass,Year,Total Snowfall,Snowfall Days,Average Base Depth,Average Summit Depth,Max Base Depth,Biggest Snowfall
utah,Alta,Ikon,2012 - 2013,"366""",76,"50""","52""","113""","17"""
utah,Alta,Ikon,2013 - 2014,"353""",68,"64""","60""","124""","14"""
utah,Alta,Ikon,2014 - 2015,"278""",56,"44""","42""","90""","19"""
utah,Alta,Ikon,2015 - 2016,"286""",60,"51""","51""","116""","19"""
utah,Alta,Ikon,2016 - 2017,"304""",55,"64""","63""","145""","19"""
utah,Alta,Ikon,2017 - 2018,"190""",42,"54""","51""","115""","15"""
utah,Alta,Ikon,2018 - 2019,"656""",92,"74""","73""","180""","27"""
utah,Alta,Ikon,2019 - 2020,"326""",53,"50""","49""","134""","24"""
utah,Alta,Ikon,2020 - 2021,"330""",52,"48""","50""","116""","27"""
utah,Alta,Ikon,2021 - To Date,"265""",46,"72""","71""","114""","24"""
colorado,Arapahoe Basin,Ikon,2012 - 2013,"281""",93,"35""","35""","69""","14"""
colorado,Arapahoe Basin,Ikon,2013 - 2014,"418""",115,"56""","55""","90""","15"""
colorado,Arapahoe Basin,Ikon,2014 - 2015,"314""",98,"39""","39""","62""","19"""
colorado,Arapahoe Basin,Ikon,2015 - 2016,"290""",88,"48""","48""","80""","15"""
colorado,Arapahoe Basin,Ikon,2016 - 2017,"345""",89,"53""","52""","78""","18"""
colorado,Arapahoe Basin,Ikon,2017 - 2018,"247""",70,"40""","39""","73""","14"""
colorado,Arapahoe Basin,Ikon,2018 - 2019,"329""",99,"56""","56""","99""","14"""
colorado,Arapahoe Basin,Ikon,2019 - 2020,"173""",57,"34""","33""","69""","15"""
colorado,Arapahoe Basin,Ikon,2020 - 2021,"236""",87,"39""","38""","62""","9"""
colorado,Arapahoe Basin,Ikon,2021 - To Date,"100""",40,"43""","42""","62""","13"""
colorado,Aspen Snowmass,Ikon,2012 - 2013,"309""",70,"24""","34""","61""","15"""
colorado,Aspen Snowmass,Ikon,2013 - 2014,"326""",61,"39""","52""","90""","24"""
colorado,Aspen Snowmass,Ikon,2014 - 2015,"220""",53,"24""","36""","57""","11"""
colorado,Aspen Snowmass,Ikon,2015 - 2016,"305""",62,"36""","51""","72""","14"""
colorado,Aspen Snowmass,Ikon,2016 - 2017,"319""",69,"26""","45""","61""","19"""
colorado,Aspen Snowmass,Ikon,2017 - 2018,"233""",42,"21""","36""","52""","16"""
colorado,Aspen Snowmass,Ikon,2018 - 2019,"396""",82,"83""","57""","8181""","22"""
colorado,Aspen Snowmass,Ikon,2019 - 2020,"233""",60,"21""","30""","49""","15"""
colorado,Aspen Snowmass,Ikon,2020 - 2021,"257""",59,"24""","35""","59""","20"""
colorado,Aspen Snowmass,Ikon,2021 - To Date,"294""",48,"34""","55""","87""","19"""
california,Bear Mountain,Ikon,2012 - 2013,"102""",16,"14""","22""","36""","18"""
california,Bear Mountain,Ikon,2013 - 2014,"38""",8,"6""","13""","12""","10"""
california,Bear Mountain,Ikon,2014 - 2015,"51""",10,"7""","14""","18""","11"""
california,Bear Mountain,Ikon,2015 - 2016,"81""",16,"16""","24""","40""","18"""
california,Bear Mountain,Ikon,2016 - 2017,"174""",19,"19""","26""","46""","24"""
california,Bear Mountain,Ikon,2017 - 2018,"36""",10,"14""","20""","36""","8"""
california,Bear Mountain,Ikon,2018 - 2019,"133""",19,"22""","32""","44""","18"""
california,Bear Mountain,Ikon,2019 - 2020,"79""",13,"20""","23""","40""","18"""
california,Bear Mountain,Ikon,2020 - 2021,"110""",15,"23""","31""","46""","28"""
california,Bear Mountain,Ikon,2021 - To Date,"83""",12,"28""","37""","58""","13"""
montana,Big Sky,Ikon,2012 - 2013,"395""",92,"31""","44""","59""","16"""
montana,Big Sky,Ikon,2013 - 2014,"466""",81,"38""","51""","86""","26"""
montana,Big Sky,Ikon,2014 - 2015,"236""",60,"25""","35""","49""","16"""
montana,Big Sky,Ikon,2015 - 2016,"294""",79,"25""","44""","64""","12"""
montana,Big Sky,Ikon,2016 - 2017,"277""",78,"28""","41""","58""","13"""
montana,Big Sky,Ikon,2017 - 2018,"325""",80,"40""","58""","90""","15"""
montana,Big Sky,Ikon,2018 - 2019,"266""",77,"31""","51""","265""","14"""
montana,Big Sky,Ikon,2019 - 2020,"72""",28,"24""","40""","61""","9"""
montana,Big Sky,Ikon,2020 - 2021,"162""",55,"27""","42""","59""","11"""
montana,Big Sky,Ikon,2021 - To Date,"143""",47,"19""","41""","38""","10"""
ontario,Blue Mountain,Ikon,2012 - 2013,"56""",29,"23""","23""","59""","6"""
ontario,Blue Mountain,Ikon,2013 - 2014,"129""",60,"26""","26""","57""","10"""
ontario,Blue Mountain,Ikon,2014 - 2015,"100""",41,"25""","24""","59""","10"""
ontario,Blue Mountain,Ikon,2015 - 2016,"99""",32,"14""","14""","47""","18"""
ontario,Blue Mountain,Ikon,2016 - 2017,"68""",33,"17""","17""","49""","8"""
ontario,Blue Mountain,Ikon,2017 - 2018,"156""",63,"20""","19""","45""","8"""
ontario,Blue Mountain,Ikon,2018 - 2019,"106""",45,"21""","20""","45""","7"""
ontario,Blue Mountain,Ikon,2019 - 2020,"103""",44,"16""","16""","39""","8"""
ontario,Blue Mountain,Ikon,2020 - 2021,"7""",6,"12""","11""","45""","3"""
ontario,Blue Mountain,Ikon,2021 - To Date,"93""",38,"24""","23""","41""","7"""
michigan,Boyne Mountain,Ikon,2012 - 2013,"122""",48,"21""","33""","45""","10"""
michigan,Boyne Mountain,Ikon,2013 - 2014,"217""",81,"31""","45""","60""","10"""
michigan,Boyne Mountain,Ikon,2014 - 2015,"101""",42,"25""","34""","48""","10"""
michigan,Boyne Mountain,Ikon,2015 - 2016,"113""",36,"14""","25""","40""","10"""
michigan,Boyne Mountain,Ikon,2016 - 2017,"138""",50,"25""","31""","50""","10"""
michigan,Boyne Mountain,Ikon,2017 - 2018,"130""",40,"24""","31""","45""","20"""
michigan,Boyne Mountain,Ikon,2018 - 2019,"140""",46,"25""","26""","73""","13"""
michigan,Boyne Mountain,Ikon,2019 - 2020,"110""",41,"20""","20""","42""","6"""
michigan,Boyne Mountain,Ikon,2020 - 2021,"42""",23,"19""","18""","48""","6"""
michigan,Boyne Mountain,Ikon,2021 - To Date,"90""",45,"25""","25""","40""","8"""
utah,Brighton,Ikon,2012 - 2013,"306""",60,"47""","46""","99""","17"""
utah,Brighton,Ikon,2013 - 2014,"265""",48,"48""","49""","113""","14"""
utah,Brighton,Ikon,2014 - 2015,"220""",49,"36""","36""","79""","18"""
utah,Brighton,Ikon,2015 - 2016,"386""",65,"44""","44""","99""","33"""
utah,Brighton,Ikon,2016 - 2017,"518""",75,"55""","67""","149""","24"""
utah,Brighton,Ikon,2017 - 2018,"329""",67,"39""","38""","83""","16"""
utah,Brighton,Ikon,2018 - 2019,"588""",87,"66""","65""","141""","24"""
utah,Brighton,Ikon,2019 - 2020,"388""",58,"41""","40""","100""","24"""
utah,Brighton,Ikon,2020 - 2021,"321""",56,"43""","42""","95""","22"""
utah,Brighton,Ikon,2021 - To Date,"259""",40,"61""","57""","98""","22"""
colorado,Copper Mountain,Ikon,2012 - 2013,"237""",77,"29""","28""","80""","13"""
colorado,Copper Mountain,Ikon,2013 - 2014,"352""",87,"42""","47""","91""","18"""
colorado,Copper Mountain,Ikon,2014 - 2015,"254""",63,"35""","39""","70""","17"""
colorado,Copper Mountain,Ikon,2015 - 2016,"247""",71,"33""","40""","76""","15"""
colorado,Copper Mountain,Ikon,2016 - 2017,"246""",70,"32""","39""","64""","16"""
colorado,Copper Mountain,Ikon,2017 - 2018,"202""",59,"29""","37""","73""","18"""
colorado,Copper Mountain,Ikon,2018 - 2019,"246""",69,"37""","52""","87""","19"""
colorado,Copper Mountain,Ikon,2019 - 2020,"201""",65,"23""","32""","61""","17"""
colorado,Copper Mountain,Ikon,2020 - 2021,"185""",76,"23""","27""","50""","9"""
colorado,Copper Mountain,Ikon,2021 - To Date,"188""",61,"41""","48""","62""","13"""
washington,Crystal Mountain,Ikon,2012 - 2013,"838""",104,"47""","82""","79""","52"""
washington,Crystal Mountain,Ikon,2013 - 2014,"429""",81,"32""","72""","80""","38"""
washington,Crystal Mountain,Ikon,2014 - 2015,"154""",41,"7""","25""","30""","14"""
washington,Crystal Mountain,Ikon,2015 - 2016,"409""",78,"40""","63""","90""","21"""
washington,Crystal Mountain,Ikon,2016 - 2017,"388""",88,"38""","53""","84""","19"""
washington,Crystal Mountain,Ikon,2017 - 2018,"403""",78,"38""","59""","750""","16"""
washington,Crystal Mountain,Ikon,2018 - 2019,"377""",77,"33""","49""","443""","26"""
washington,Crystal Mountain,Ikon,2019 - 2020,"326""",57,"43""","41""","96""","20"""
washington,Crystal Mountain,Ikon,2020 - 2021,"406""",62,"60""","77""","133""","41"""
washington,Crystal Mountain,Ikon,2021 - To Date,"317""",49,"47""","55""","94""","34"""
british-columbia,Cypress Mountain,Ikon,2012 - 2013,"178""",32,"0""","90""","0""","18"""
british-columbia,Cypress Mountain,Ikon,2013 - 2014,"196""",53,"20""","37""","45""","14"""
british-columbia,Cypress Mountain,Ikon,2014 - 2015,"35""",15,"9""","9""","26""","12"""
british-columbia,Cypress Mountain,Ikon,2015 - 2016,"317""",58,"83""","82""","174""","30"""
british-columbia,Cypress Mountain,Ikon,2016 - 2017,"361""",69,"43""","86""","127""","26"""
british-columbia,Cypress Mountain,Ikon,2017 - 2018,"369""",78,"91""","89""","191""","15"""
british-columbia,Cypress Mountain,Ikon,2018 - 2019,"179""",48,"58""","59""","129""","11"""
british-columbia,Cypress Mountain,Ikon,2019 - 2020,"236""",55,"49""","48""","152""","15"""
british-columbia,Cypress Mountain,Ikon,2020 - 2021,"203""",50,"53""","55""","117""","13"""
british-columbia,Cypress Mountain,Ikon,2021 - To Date,"287""",56,"72""","77""","154""","19"""
utah,Deer Valley,Ikon,2012 - 2013,"179""",43,"38""","36""","81""","18"""
utah,Deer Valley,Ikon,2013 - 2014,"208""",48,"41""","37""","100""","14"""
utah,Deer Valley,Ikon,2014 - 2015,"132""",38,"29""","28""","61""","16"""
utah,Deer Valley,Ikon,2015 - 2016,"233""",52,"38""","36""","79""","24"""
utah,Deer Valley,Ikon,2016 - 2017,"388""",57,"62""","56""","1110""","20"""
utah,Deer Valley,Ikon,2017 - 2018,"164""",40,"28""","26""","67""","16"""
utah,Deer Valley,Ikon,2018 - 2019,"337""",63,"54""","50""","122""","23"""
utah,Deer Valley,Ikon,2019 - 2020,"165""",37,"30""","29""","76""","15"""
utah,Deer Valley,Ikon,2020 - 2021,"235""",49,"26""","26""","65""","19"""
utah,Deer Valley,Ikon,2021 - To Date,"189""",42,"38""","37""","63""","18"""
colorado,Eldora,Ikon,2012 - 2013,"225""",54,"25""","25""","46""","12"""
colorado,Eldora,Ikon,2013 - 2014,"318""",64,"37""","34""","75""","18"""
colorado,Eldora,Ikon,2014 - 2015,"181""",45,"34""","32""","59""","15"""
colorado,Eldora,Ikon,2015 - 2016,"204""",52,"30""","29""","55""","12"""
colorado,Eldora,Ikon,2016 - 2017,"233""",53,"26""","26""","48""","12"""
colorado,Eldora,Ikon,2017 - 2018,"192""",55,"23""","23""","40""","17"""
colorado,Eldora,Ikon,2018 - 2019,"205""",70,"26""","26""","50""","14"""
colorado,Eldora,Ikon,2019 - 2020,"155""",48,"24""","24""","75""","18"""
colorado,Eldora,Ikon,2020 - 2021,"136""",51,"23""","23""","60""","11"""
colorado,Eldora,Ikon,2021 - To Date,"120""",44,"25""","24""","30""","8"""
wyoming,Jackson Hole,Ikon,2012 - 2013,"349""",79,"37""","45""","70""","16"""
wyoming,Jackson Hole,Ikon,2013 - 2014,"431""",75,"51""","55""","131""","19"""
wyoming,Jackson Hole,Ikon,2014 - 2015,"461""",72,"14""","50""","35""","34"""
wyoming,Jackson Hole,Ikon,2015 - 2016,"380""",74,"14""","49""","35""","17"""
wyoming,Jackson Hole,Ikon,2016 - 2017,"483""",83,"17""","73""","52""","19"""
wyoming,Jackson Hole,Ikon,2017 - 2018,"397""",84,"9""","60""","29""","16"""
wyoming,Jackson Hole,Ikon,2018 - 2019,"464""",76,"27""","56""","68""","24"""
wyoming,Jackson Hole,Ikon,2019 - 2020,"451""",71,"15""","45""","45""","23"""
wyoming,Jackson Hole,Ikon,2020 - 2021,"437""",63,"17""","53""","45""","24"""
wyoming,Jackson Hole,Ikon,2021 - To Date,"291""",52,"15""","56""","35""","24"""
california,June Mountain,Ikon,2012 - 2013,"0""",0,"0""","0""","0""","0"""
california,June Mountain,Ikon,2013 - 2014,"115""",20,"7""","15""","24""","16"""
california,June Mountain,Ikon,2014 - 2015,"75""",16,"3""","11""","12""","24"""
california,June Mountain,Ikon,2015 - 2016,"199""",38,"18""","26""","40""","24"""
california,June Mountain,Ikon,2016 - 2017,"415""",38,"19""","60""","72""","48"""
california,June Mountain,Ikon,2017 - 2018,"217""",23,"4""","23""","48""","36"""
california,June Mountain,Ikon,2018 - 2019,"492""",44,"26""","52""","72""","73"""
california,June Mountain,Ikon,2019 - 2020,"50""",12,"6""","19""","24""","12"""
california,June Mountain,Ikon,2020 - 2021,"109""",14,"18""","25""","60""","23"""
california,June Mountain,Ikon,2021 - To Date,"94""",10,"27""","48""","65""","27"""
vermont,Killington,Ikon,2012 - 2013,"182""",54,"26""","32""","36""","18"""
vermont,Killington,Ikon,2013 - 2014,"197""",54,"10""","23""","16""","19"""
vermont,Killington,Ikon,2014 - 2015,"191""",67,"16""","24""","30""","16"""
vermont,Killington,Ikon,2015 - 2016,"67""",33,"5""","17""","12""","7"""
vermont,Killington,Ikon,2016 - 2017,"225""",67,"15""","25""","24""","12"""
vermont,Killington,Ikon,2017 - 2018,"223""",59,"13""","19""","24""","14"""
vermont,Killington,Ikon,2018 - 2019,"197""",62,"24""","29""","36""","11"""
vermont,Killington,Ikon,2019 - 2020,"146""",52,"14""","16""","36""","12"""
vermont,Killington,Ikon,2020 - 2021,"151""",42,"22""","25""","36""","15"""
vermont,Killington,Ikon,2021 - To Date,"118""",35,"23""","25""","30""","19"""
alberta,Lake Louise,Ikon,2012 - 2013,"184""",80,"10""","51""","46""","11"""
alberta,Lake Louise,Ikon,2013 - 2014,"298""",89,"44""","48""","81""","16"""
alberta,Lake Louise,Ikon,2014 - 2015,"183""",64,"30""","41""","62""","13"""
alberta,Lake Louise,Ikon,2015 - 2016,"133""",60,"30""","38""","49""","21"""
alberta,Lake Louise,Ikon,2016 - 2017,"214""",95,"39""","58""","70""","12"""
alberta,Lake Louise,Ikon,2017 - 2018,"290""",89,"45""","61""","76""","16"""
alberta,Lake Louise,Ikon,2018 - 2019,"199""",81,"39""","49""","62""","28"""
alberta,Lake Louise,Ikon,2019 - 2020,"211""",73,"30""","33""","74""","14"""
alberta,Lake Louise,Ikon,2020 - 2021,"175""",76,"35""","44""","72""","15"""
alberta,Lake Louise,Ikon,2021 - To Date,"234""",83,"49""","69""","68""","21"""
new-hampshire,Loon Mountain,Ikon,2012 - 2013,"156""",51,"16""","20""","35""","13"""
new-hampshire,Loon Mountain,Ikon,2013 - 2014,"158""",47,"16""","22""","35""","16"""
new-hampshire,Loon Mountain,Ikon,2014 - 2015,"147""",52,"14""","18""","31""","10"""
new-hampshire,Loon Mountain,Ikon,2015 - 2016,"49""",19,"8""","13""","16""","6"""
new-hampshire,Loon Mountain,Ikon,2016 - 2017,"187""",54,"13""","20""","20""","18"""
new-hampshire,Loon Mountain,Ikon,2017 - 2018,"172""",46,"15""","21""","35""","12"""
new-hampshire,Loon Mountain,Ikon,2018 - 2019,"195""",56,"17""","24""","30""","15"""
new-hampshire,Loon Mountain,Ikon,2019 - 2020,"102""",32,"11""","15""","24""","9"""
new-hampshire,Loon Mountain,Ikon,2020 - 2021,"105""",41,"13""","18""","28""","12"""
new-hampshire,Loon Mountain,Ikon,2021 - To Date,"84""",27,"24""","28""","32""","12"""
california,Mammoth,Ikon,2012 - 2013,"315""",51,"58""","124""","133""","21"""
california,Mammoth,Ikon,2013 - 2014,"192""",38,"24""","43""","65""","24"""
california,Mammoth,Ikon,2014 - 2015,"161""",25,"16""","36""","30""","18"""
california,Mammoth,Ikon,2015 - 2016,"393""",61,"57""","122""","110""","36"""
california,Mammoth,Ikon,2016 - 2017,"608""",66,"114""","228""","200""","30"""
california,Mammoth,Ikon,2017 - 2018,"277""",39,"38""","85""","110""","35"""
california,Mammoth,Ikon,2018 - 2019,"495""",71,"87""","136""","165""","29"""
california,Mammoth,Ikon,2019 - 2020,"153""",27,"24""","40""","58""","25"""
california,Mammoth,Ikon,2020 - 2021,"225""",31,"34""","49""","95""","45"""
california,Mammoth,Ikon,2021 - To Date,"181""",22,"55""","105""","106""","35"""
oregon,Mt. Bachelor,Ikon,2012 - 2013,"830""",100,"68""","87""","122""","34"""
oregon,Mt. Bachelor,Ikon,2013 - 2014,"776""",86,"62""","85""","128""","38"""
oregon,Mt. Bachelor,Ikon,2014 - 2015,"177""",47,"31""","60""","53""","15"""
oregon,Mt. Bachelor,Ikon,2015 - 2016,"373""",80,"70""","94""","139""","18"""
oregon,Mt. Bachelor,Ikon,2016 - 2017,"469""",94,"79""","105""","145""","18"""
oregon,Mt. Bachelor,Ikon,2017 - 2018,"223""",66,"50""","64""","104""","13"""
oregon,Mt. Bachelor,Ikon,2018 - 2019,"349""",83,"62""","77""","133""","26"""
oregon,Mt. Bachelor,Ikon,2019 - 2020,"214""",49,"33""","39""","90""","20"""
oregon,Mt. Bachelor,Ikon,2020 - 2021,"265""",60,"56""","67""","124""","12"""
oregon,Mt. Bachelor,Ikon,2021 - To Date,"234""",39,"50""","52""","89""","33"""
alberta,Mt. Norquay,Ikon,2012 - 2013,"53""",28,"4""","31""","35""","6"""
alberta,Mt. Norquay,Ikon,2013 - 2014,"96""",49,"17""","20""","28""","7"""
alberta,Mt. Norquay,Ikon,2014 - 2015,"49""",26,"14""","14""","25""","5"""
alberta,Mt. Norquay,Ikon,2015 - 2016,"74""",55,"5""","23""","31""","14"""
alberta,Mt. Norquay,Ikon,2016 - 2017,"133""",80,"18""","20""","38""","6"""
alberta,Mt. Norquay,Ikon,2017 - 2018,"158""",101,"31""","30""","54""","9"""
alberta,Mt. Norquay,Ikon,2018 - 2019,"98""",76,"22""","21""","35""","12"""
alberta,Mt. Norquay,Ikon,2019 - 2020,"112""",56,"17""","18""","48""","10"""
alberta,Mt. Norquay,Ikon,2020 - 2021,"144""",95,"16""","33""","50""","10"""
alberta,Mt. Norquay,Ikon,2021 - To Date,"98""",57,"35""","40""","48""","11"""
california,Palisades Tahoe,Ikon,2012 - 2013,"289""",45,"16""","60""","68""","29"""
california,Palisades Tahoe,Ikon,2013 - 2014,"273""",41,"12""","30""","34""","38"""
california,Palisades Tahoe,Ikon,2014 - 2015,"193""",32,"14""","24""","34""","17"""
california,Palisades Tahoe,Ikon,2015 - 2016,"473""",66,"39""","87""","89""","36"""
california,Palisades Tahoe,Ikon,2016 - 2017,"701""",69,"67""","156""","150""","42"""
california,Palisades Tahoe,Ikon,2017 - 2018,"377""",46,"24""","59""","104""","42"""
california,Palisades Tahoe,Ikon,2018 - 2019,"650""",70,"53""","136""","217""","35"""
california,Palisades Tahoe,Ikon,2019 - 2020,"148""",28,"20""","42""","75""","25"""
california,Palisades Tahoe,Ikon,2020 - 2021,"275""",42,"37""","14""","84""","28"""
california,Palisades Tahoe,Ikon,2021 - To Date,"245""",30,"40""","1""","88""","30"""
british-columbia,Revelstoke,Ikon,2012 - 2013,"191""",62,"27""","55""","107""","11"""
british-columbia,Revelstoke,Ikon,2013 - 2014,"221""",72,"52""","54""","113""","14"""
british-columbia,Revelstoke,Ikon,2014 - 2015,"216""",76,"40""","48""","93""","13"""
british-columbia,Revelstoke,Ikon,2015 - 2016,"285""",99,"21""","59""","65""","15"""
british-columbia,Revelstoke,Ikon,2016 - 2017,"251""",87,"24""","56""","75""","16"""
british-columbia,Revelstoke,Ikon,2017 - 2018,"242""",96,"55""","51""","124""","11"""
british-columbia,Revelstoke,Ikon,2018 - 2019,"185""",88,"18""","49""","78""","11"""
british-columbia,Revelstoke,Ikon,2019 - 2020,"209""",74,"30""","42""","97""","13"""
british-columbia,Revelstoke,Ikon,2020 - 2021,"217""",79,"42""","48""","103""","12"""
british-columbia,Revelstoke,Ikon,2021 - To Date,"287""",96,"71""","78""","112""","15"""
california,Snow Summit,Ikon,2012 - 2013,"83""",13,"14""","22""","36""","18"""
california,Snow Summit,Ikon,2013 - 2014,"26""",5,"7""","12""","12""","10"""
california,Snow Summit,Ikon,2014 - 2015,"59""",11,"7""","14""","18""","11"""
california,Snow Summit,Ikon,2015 - 2016,"91""",17,"17""","24""","40""","18"""
california,Snow Summit,Ikon,2016 - 2017,"180""",18,"18""","25""","46""","30"""
california,Snow Summit,Ikon,2017 - 2018,"36""",10,"14""","22""","36""","8"""
california,Snow Summit,Ikon,2018 - 2019,"143""",21,"21""","31""","44""","18"""
california,Snow Summit,Ikon,2019 - 2020,"110""",14,"20""","23""","40""","30"""
california,Snow Summit,Ikon,2020 - 2021,"121""",16,"25""","29""","60""","28"""
california,Snow Summit,Ikon,2021 - To Date,"58""",15,"34""","38""","65""","11"""
utah,Snowbasin,Ikon,2012 - 2013,"197""",40,"36""","36""","78""","20"""
utah,Snowbasin,Ikon,2013 - 2014,"227""",46,"46""","46""","109""","18"""
utah,Snowbasin,Ikon,2014 - 2015,"117""",33,"25""","31""","68""","10"""
utah,Snowbasin,Ikon,2015 - 2016,"253""",55,"35""","46""","80""","22"""
utah,Snowbasin,Ikon,2016 - 2017,"421""",62,"71""","67""","157""","25"""
utah,Snowbasin,Ikon,2017 - 2018,"205""",51,"28""","28""","70""","12"""
utah,Snowbasin,Ikon,2018 - 2019,"432""",78,"62""","60""","237""","21"""
utah,Snowbasin,Ikon,2019 - 2020,"220""",53,"42""","38""","90""","14"""
utah,Snowbasin,Ikon,2020 - 2021,"295""",47,"42""","39""","100""","21"""
utah,Snowbasin,Ikon,2021 - To Date,"198""",35,"37""","38""","69""","23"""
utah,Snowbird,Ikon,2012 - 2013,"393""",76,"58""","61""","109""","18"""
utah,Snowbird,Ikon,2013 - 2014,"387""",70,"67""","63""","130""","16"""
utah,Snowbird,Ikon,2014 - 2015,"327""",59,"54""","77""","91""","25"""
utah,Snowbird,Ikon,2015 - 2016,"454""",78,"63""","63""","116""","19"""
utah,Snowbird,Ikon,2016 - 2017,"589""",79,"83""","84""","148""","23"""
utah,Snowbird,Ikon,2017 - 2018,"390""",63,"55""","54""","115""","20"""
utah,Snowbird,Ikon,2018 - 2019,"690""",97,"101""","101""","180""","30"""
utah,Snowbird,Ikon,2019 - 2020,"351""",53,"49""","48""","132""","23"""
utah,Snowbird,Ikon,2020 - 2021,"350""",66,"55""","53""","106""","27"""
utah,Snowbird,Ikon,2021 - To Date,"220""",38,"60""","64""","98""","19"""
utah,Solitude,Ikon,2012 - 2013,"249""",48,"37""","40""","88""","15"""
utah,Solitude,Ikon,2013 - 2014,"500""",76,"51""","49""","122""","28"""
utah,Solitude,Ikon,2014 - 2015,"202""",44,"37""","37""","76""","20"""
utah,Solitude,Ikon,2015 - 2016,"310""",56,"42""","33""","100""","24"""
utah,Solitude,Ikon,2016 - 2017,"438""",63,"32""","61""","142""","28"""
utah,Solitude,Ikon,2017 - 2018,"260""",56,"35""","34""","85""","15"""
utah,Solitude,Ikon,2018 - 2019,"437""",67,"62""","61""","135""","26"""
utah,Solitude,Ikon,2019 - 2020,"313""",50,"36""","34""","91""","21"""
utah,Solitude,Ikon,2020 - 2021,"278""",48,"34""","33""","85""","18"""
utah,Solitude,Ikon,2021 - To Date,"263""",47,"56""","53""","89""","23"""
colorado,Steamboat,Ikon,2012 - 2013,"380""",77,"31""","66""","67""","28"""
colorado,Steamboat,Ikon,2013 - 2014,"263""",67,"42""","53""","82""","14"""
colorado,Steamboat,Ikon,2014 - 2015,"174""",50,"31""","37""","68""","13"""
colorado,Steamboat,Ikon,2015 - 2016,"331""",73,"39""","46""","84""","12"""
colorado,Steamboat,Ikon,2016 - 2017,"291""",70,"35""","42""","70""","20"""
colorado,Steamboat,Ikon,2017 - 2018,"238""",59,"27""","35""","67""","11"""
colorado,Steamboat,Ikon,2018 - 2019,"320""",79,"40""","53""","86""","14"""
colorado,Steamboat,Ikon,2019 - 2020,"268""",64,"29""","36""","79""","15"""
colorado,Steamboat,Ikon,2020 - 2021,"219""",64,"23""","34""","56""","12"""
colorado,Steamboat,Ikon,2021 - To Date,"211""",54,"36""","53""","58""","18"""
vermont,Stratton,Ikon,2012 - 2013,"144""",45,"17""","26""","35""","20"""
vermont,Stratton,Ikon,2013 - 2014,"192""",51,"17""","23""","30""","19"""
vermont,Stratton,Ikon,2014 - 2015,"159""",45,"18""","28""","45""","14"""
vermont,Stratton,Ikon,2015 - 2016,"80""",24,"10""","12""","18""","6"""
vermont,Stratton,Ikon,2016 - 2017,"138""",31,"14""","19""","28""","15"""
vermont,Stratton,Ikon,2017 - 2018,"164""",29,"17""","21""","40""","30"""
vermont,Stratton,Ikon,2018 - 2019,"111""",32,"14""","18""","30""","19"""
vermont,Stratton,Ikon,2019 - 2020,"88""",28,"12""","12""","24""","11"""
vermont,Stratton,Ikon,2020 - 2021,"113""",28,"12""","12""","24""","24"""
vermont,Stratton,Ikon,2021 - To Date,"21""",6,"14""","14""","20""","6"""
vermont,Sugarbush,Ikon,2012 - 2013,"326""",70,"11""","30""","20""","26"""
vermont,Sugarbush,Ikon,2013 - 2014,"240""",63,"12""","29""","18""","19"""
vermont,Sugarbush,Ikon,2014 - 2015,"257""",74,"10""","38""","18""","13"""
vermont,Sugarbush,Ikon,2015 - 2016,"154""",45,"11""","25""","18""","9"""
vermont,Sugarbush,Ikon,2016 - 2017,"412""",85,"12""","36""","26""","27"""
vermont,Sugarbush,Ikon,2017 - 2018,"186""",54,"12""","34""","20""","23"""
vermont,Sugarbush,Ikon,2018 - 2019,"173""",52,"14""","30""","36""","17"""
vermont,Sugarbush,Ikon,2019 - 2020,"102""",37,"20""","28""","36""","10"""
vermont,Sugarbush,Ikon,2020 - 2021,"133""",53,"19""","33""","48""","10"""
vermont,Sugarbush,Ikon,2021 - To Date,"168""",43,"15""","27""","21""","12"""
maine,Sugarloaf,Ikon,2012 - 2013,"135""",34,"17""","27""","32""","18"""
maine,Sugarloaf,Ikon,2013 - 2014,"131""",41,"19""","25""","36""","15"""
maine,Sugarloaf,Ikon,2014 - 2015,"149""",39,"14""","24""","24""","16"""
maine,Sugarloaf,Ikon,2015 - 2016,"86""",22,"7""","13""","17""","10"""
maine,Sugarloaf,Ikon,2016 - 2017,"220""",42,"17""","28""","53""","30"""
maine,Sugarloaf,Ikon,2017 - 2018,"165""",41,"13""","20""","36""","26"""
maine,Sugarloaf,Ikon,2018 - 2019,"215""",48,"26""","32""","46""","18"""
maine,Sugarloaf,Ikon,2019 - 2020,"99""",22,"13""","17""","46""","14"""
maine,Sugarloaf,Ikon,2020 - 2021,"108""",31,"9""","14""","24""","17"""
maine,Sugarloaf,Ikon,2021 - To Date,"112""",28,"13""","17""","22""","18"""
idaho,Sun Valley,Ikon,2012 - 2013,"165""",46,"15""","35""","24""","20"""
idaho,Sun Valley,Ikon,2013 - 2014,"161""",45,"19""","26""","43""","17"""
idaho,Sun Valley,Ikon,2014 - 2015,"143""",36,"20""","37""","48""","16"""
idaho,Sun Valley,Ikon,2015 - 2016,"243""",65,"31""","53""","72""","15"""
idaho,Sun Valley,Ikon,2016 - 2017,"359""",79,"37""","58""","103""","20"""
idaho,Sun Valley,Ikon,2017 - 2018,"120""",39,"26""","43""","65""","19"""
idaho,Sun Valley,Ikon,2018 - 2019,"193""",52,"40""","50""","110""","29"""
idaho,Sun Valley,Ikon,2019 - 2020,"68""",28,"19""","26""","39""","7"""
idaho,Sun Valley,Ikon,2020 - 2021,"125""",28,"36""","46""","89""","27"""
idaho,Sun Valley,Ikon,2021 - To Date,"102""",28,"42""","59""","56""","12"""
maine,Sunday River,Ikon,2012 - 2013,"108""",23,"19""","20""","40""","16"""
maine,Sunday River,Ikon,2013 - 2014,"111""",26,"18""","26""","36""","20"""
maine,Sunday River,Ikon,2014 - 2015,"153""",39,"17""","23""","30""","11"""
maine,Sunday River,Ikon,2015 - 2016,"57""",18,"9""","18""","18""","10"""
maine,Sunday River,Ikon,2016 - 2017,"196""",33,"16""","25""","30""","23"""
maine,Sunday River,Ikon,2017 - 2018,"125""",23,"16""","26""","36""","16"""
maine,Sunday River,Ikon,2018 - 2019,"154""",29,"20""","29""","32""","21"""
maine,Sunday River,Ikon,2019 - 2020,"102""",21,"12""","15""","26""","12"""
maine,Sunday River,Ikon,2020 - 2021,"80""",18,"13""","18""","22""","14"""
maine,Sunday River,Ikon,2021 - To Date,"98""",22,"16""","30""","20""","16"""
alberta,Sunshine Village,Ikon,2012 - 2013,"209""",85,"52""","52""","87""","15"""
alberta,Sunshine Village,Ikon,2013 - 2014,"271""",117,"45""","48""","67""","13"""
alberta,Sunshine Village,Ikon,2014 - 2015,"169""",84,"23""","34""","33""","15"""
alberta,Sunshine Village,Ikon,2015 - 2016,"226""",108,"43""","43""","74""","18"""
alberta,Sunshine Village,Ikon,2016 - 2017,"299""",118,"58""","58""","100""","12"""
alberta,Sunshine Village,Ikon,2017 - 2018,"300""",110,"53""","51""","91""","15"""
alberta,Sunshine Village,Ikon,2018 - 2019,"174""",76,"49""","49""","75""","10"""
alberta,Sunshine Village,Ikon,2019 - 2020,"270""",94,"33""","33""","83""","21"""
alberta,Sunshine Village,Ikon,2020 - 2021,"297""",102,"55""","204""","89""","11"""
alberta,Sunshine Village,Ikon,2021 - To Date,"266""",74,"68""","77""","94""","13"""
new-mexico,Taos,Ikon,2012 - 2013,"204""",33,"30""","32""","74""","17"""
new-mexico,Taos,Ikon,2013 - 2014,"191""",39,"30""","30""","58""","14"""
new-mexico,Taos,Ikon,2014 - 2015,"179""",31,"36""","35""","84""","21"""
new-mexico,Taos,Ikon,2015 - 2016,"169""",40,"47""","44""","102""","18"""
new-mexico,Taos,Ikon,2016 - 2017,"192""",34,"49""","47""","103""","18"""
new-mexico,Taos,Ikon,2017 - 2018,"78""",21,"14""","12""","23""","9"""
new-mexico,Taos,Ikon,2018 - 2019,"219""",49,"36""","42""","92""","18"""
new-mexico,Taos,Ikon,2019 - 2020,"166""",36,"36""","28""","85""","14"""
new-mexico,Taos,Ikon,2020 - 2021,"165""",36,"32""","32""","82""","16"""
new-mexico,Taos,Ikon,2021 - To Date,"177""",31,"37""","41""","76""","26"""
quebec,Tremblant,Ikon,2012 - 2013,"193""",66,"16""","20""","28""","20"""
quebec,Tremblant,Ikon,2013 - 2014,"201""",79,"20""","20""","28""","9"""
quebec,Tremblant,Ikon,2014 - 2015,"137""",65,"56""","53""","150""","11"""
quebec,Tremblant,Ikon,2015 - 2016,"195""",59,"17""","13""","39""","16"""
quebec,Tremblant,Ikon,2016 - 2017,"211""",78,"34""","33""","141""","17"""
quebec,Tremblant,Ikon,2017 - 2018,"197""",65,"15""","14""","24""","10"""
quebec,Tremblant,Ikon,2018 - 2019,"193""",81,"97""","288""","242""","11"""
quebec,Tremblant,Ikon,2019 - 2020,"135""",51,"39""","40""","242""","15"""
quebec,Tremblant,Ikon,2020 - 2021,"80""",33,"13""","23""","34""","9"""
quebec,Tremblant,Ikon,2021 - To Date,"165""",48,"23""","36""","118""","14"""
colorado,Winter Park,Ikon,2012 - 2013,"300""",88,"33""","36""","80""","12"""
colorado,Winter Park,Ikon,2013 - 2014,"356""",97,"41""","41""","89""","12"""
colorado,Winter Park,Ikon,2014 - 2015,"288""",64,"33""","35""","68""","16"""
colorado,Winter Park,Ikon,2015 - 2016,"385""",81,"47""","53""","87""","15"""
colorado,Winter Park,Ikon,2016 - 2017,"401""",87,"35""","40""","79""","23"""
colorado,Winter Park,Ikon,2017 - 2018,"302""",71,"45""","47""","91""","17"""
colorado,Winter Park,Ikon,2018 - 2019,"328""",79,"51""","53""","99""","21"""
colorado,Winter Park,Ikon,2019 - 2020,"253""",63,"32""","31""","85""","18"""
colorado,Winter Park,Ikon,2020 - 2021,"216""",59,"41""","38""","83""","12"""
colorado,Winter Park,Ikon,2021 - To Date,"183""",50,"41""","42""","72""","13"""
washington,Summit at Snoqualmie,Ikon,2012 - 2013,"467""",65,"45""","90""","98""","29"""
washington,Summit at Snoqualmie,Ikon,2013 - 2014,"205""",33,"33""","33""","108""","24"""
washington,Summit at Snoqualmie,Ikon,2014 - 2015,"37""",9,"10""","9""","23""","10"""
washington,Summit at Snoqualmie,Ikon,2015 - 2016,"314""",52,"46""","46""","95""","26"""
washington,Summit at Snoqualmie,Ikon,2016 - 2017,"280""",57,"44""","44""","116""","19"""
washington,Summit at Snoqualmie,Ikon,2017 - 2018,"302""",63,"47""","58""","103""","18"""
washington,Summit at Snoqualmie,Ikon,2018 - 2019,"201""",39,"38""","49""","108""","26"""
washington,Summit at Snoqualmie,Ikon,2019 - 2020,"213""",43,"29""","29""","85""","22"""
washington,Summit at Snoqualmie,Ikon,2020 - 2021,"216""",41,"45""","50""","126""","19"""
washington,Summit at Snoqualmie,Ikon,2021 - To Date,"219""",40,"55""","58""","91""","18"""
west-virginia,Snowshoe,Ikon,2012 - 2013,"156""",51,"17""","32""","42""","12"""
west-virginia,Snowshoe,Ikon,2013 - 2014,"132""",38,"18""","25""","36""","14"""
west-virginia,Snowshoe,Ikon,2014 - 2015,"139""",29,"27""","27""","44""","26"""
west-virginia,Snowshoe,Ikon,2015 - 2016,"120""",30,"15""","15""","40""","28"""
west-virginia,Snowshoe,Ikon,2016 - 2017,"95""",33,"20""","18""","45""","11"""
west-virginia,Snowshoe,Ikon,2017 - 2018,"171""",37,"26""","23""","44""","19"""
west-virginia,Snowshoe,Ikon,2018 - 2019,"95""",28,"28""","28""","52""","12"""
west-virginia,Snowshoe,Ikon,2019 - 2020,"78""",22,"29""","27""","58""","11"""
west-virginia,Snowshoe,Ikon,2020 - 2021,"70""",27,"26""","25""","60""","9"""
west-virginia,Snowshoe,Ikon,2021 - To Date,"70""",19,"38""","36""","50""","16"""
michigan,The Highlands,Ikon,2012 - 2013,"128""",45,"25""","33""","45""","16"""
michigan,The Highlands,Ikon,2013 - 2014,"238""",72,"34""","44""","65""","20"""
michigan,The Highlands,Ikon,2014 - 2015,"98""",39,"22""","32""","50""","14"""
michigan,The Highlands,Ikon,2015 - 2016,"108""",31,"11""","18""","35""","12"""
michigan,The Highlands,Ikon,2016 - 2017,"106""",36,"21""","28""","50""","15"""
michigan,The Highlands,Ikon,2017 - 2018,"111""",30,"24""","30""","56""","16"""
michigan,The Highlands,Ikon,2018 - 2019,"145""",36,"28""","27""","61""","12"""
michigan,The Highlands,Ikon,2019 - 2020,"125""",37,"24""","24""","52""","8"""
michigan,The Highlands,Ikon,2020 - 2021,"63""",18,"21""","20""","47""","10"""
michigan,The Highlands,Ikon,2021 - To Date,"74""",30,"34""","33""","51""","5"""
new-york,Windham Mountain,Ikon,2012 - 2013,"107""",35,"9""","20""","26""","14"""
new-york,Windham Mountain,Ikon,2013 - 2014,"129""",39,"11""","41""","24""","18"""
new-york,Windham Mountain,Ikon,2014 - 2015,"171""",58,"15""","36""","40""","20"""
new-york,Windham Mountain,Ikon,2015 - 2016,"12""",7,"8""","7""","18""","3"""
new-york,Windham Mountain,Ikon,2016 - 2017,"112""",26,"5""","29""","10""","30"""
new-york,Windham Mountain,Ikon,2017 - 2018,"99""",18,"10""","20""","24""","26"""
new-york,Windham Mountain,Ikon,2018 - 2019,"84""",27,"11""","18""","26""","12"""
new-york,Windham Mountain,Ikon,2019 - 2020,"38""",8,"6""","17""","12""","14"""
new-york,Windham Mountain,Ikon,2020 - 2021,"90""",25,"12""","21""","24""","26"""
new-york,Windham Mountain,Ikon,2021 - To Date,"49""",13,"16""","11""","24""","12"""
colorado,Beaver Creek,Epic,2012 - 2013,"204""",62,"28""","26""","75""","11"""
colorado,Beaver Creek,Epic,2013 - 2014,"227""",61,"38""","37""","86""","23"""
colorado,Beaver Creek,Epic,2014 - 2015,"210""",49,"29""","28""","68""","16"""
colorado,Beaver Creek,Epic,2015 - 2016,"298""",75,"39""","37""","70""","13"""
colorado,Beaver Creek,Epic,2016 - 2017,"247""",64,"32""","31""","69""","14"""
colorado,Beaver Creek,Epic,2017 - 2018,"193""",43,"25""","25""","68""","12"""
colorado,Beaver Creek,Epic,2018 - 2019,"276""",73,"36""","36""","94""","16"""
colorado,Beaver Creek,Epic,2019 - 2020,"216""",57,"26""","24""","65""","9"""
colorado,Beaver Creek,Epic,2020 - 2021,"202""",61,"24""","24""","56""","11"""
colorado,Beaver Creek,Epic,2021 - To Date,"185""",53,"44""","44""","67""","10"""
colorado,Breckenridge,Epic,2012 - 2013,"275""",74,"36""","31""","558""","12"""
colorado,Breckenridge,Epic,2013 - 2014,"388""",81,"49""","47""","104""","23"""
colorado,Breckenridge,Epic,2014 - 2015,"289""",62,"39""","39""","77""","16"""
colorado,Breckenridge,Epic,2015 - 2016,"321""",73,"38""","37""","87""","15"""
colorado,Breckenridge,Epic,2016 - 2017,"279""",73,"37""","36""","86""","19"""
colorado,Breckenridge,Epic,2017 - 2018,"271""",62,"32""","31""","83""","14"""
colorado,Breckenridge,Epic,2018 - 2019,"387""",96,"62""","62""","107""","17"""
colorado,Breckenridge,Epic,2019 - 2020,"280""",63,"32""","28""","88""","20"""
colorado,Breckenridge,Epic,2020 - 2021,"284""",87,"35""","35""","66""","13"""
colorado,Breckenridge,Epic,2021 - To Date,"214""",60,"39""","39""","67""","12"""
northern-alps,Brides les Bains,Epic,2012 - 2013,0cm,0,0cm,0cm,0cm,0cm
northern-alps,Brides les Bains,Epic,2013 - 2014,55cm,3,45cm,60cm,141cm,20cm
northern-alps,Brides les Bains,Epic,2014 - 2015,15cm,1,8cm,91cm,40cm,15cm
northern-alps,Brides les Bains,Epic,2015 - 2016,200cm,27,52cm,120cm,125cm,40cm
northern-alps,Brides les Bains,Epic,2016 - 2017,238cm,16,25cm,95cm,90cm,40cm
northern-alps,Brides les Bains,Epic,2017 - 2018,486cm,34,74cm,214cm,125cm,40cm
northern-alps,Brides les Bains,Epic,2018 - 2019,0cm,0,53cm,110cm,140cm,0cm
northern-alps,Brides les Bains,Epic,2019 - 2020,193cm,20,63cm,147cm,120cm,30cm
northern-alps,Brides les Bains,Epic,2020 - 2021,0cm,0,0cm,0cm,0cm,0cm
northern-alps,Brides les Bains,Epic,2021 - To Date,67cm,7,61cm,107cm,140cm,25cm
northern-alps,Courchevel,Epic,2012 - 2013,261cm,37,101cm,149cm,180cm,20cm
northern-alps,Courchevel,Epic,2013 - 2014,396cm,37,84cm,108cm,163cm,25cm
northern-alps,Courchevel,Epic,2014 - 2015,402cm,33,53cm,94cm,113cm,46cm
northern-alps,Courchevel,Epic,2015 - 2016,214cm,28,82cm,135cm,168cm,26cm
northern-alps,Courchevel,Epic,2016 - 2017,203cm,14,54cm,112cm,166cm,41cm
northern-alps,Courchevel,Epic,2017 - 2018,496cm,36,141cm,209cm,232cm,42cm
northern-alps,Courchevel,Epic,2018 - 2019,238cm,31,77cm,127cm,156cm,25cm
northern-alps,Courchevel,Epic,2019 - 2020,559cm,42,103cm,150cm,204cm,43cm
northern-alps,Courchevel,Epic,2020 - 2021,92cm,4,22cm,12cm,120cm,32cm
northern-alps,Courchevel,Epic,2021 - To Date,381cm,28,91cm,117cm,144cm,31cm
british-columbia,Fernie,Epic,2012 - 2013,"297""",71,"35""","56""","71""","19"""
british-columbia,Fernie,Epic,2013 - 2014,"310""",64,"29""","64""","51""","15"""
british-columbia,Fernie,Epic,2014 - 2015,"149""",44,"12""","37""","23""","26"""
british-columbia,Fernie,Epic,2015 - 2016,"271""",83,"26""","61""","63""","14"""
british-columbia,Fernie,Epic,2016 - 2017,"378""",88,"23""","57""","63""","14"""
british-columbia,Fernie,Epic,2017 - 2018,"362""",83,"34""","62""","63""","19"""
british-columbia,Fernie,Epic,2018 - 2019,"276""",57,"22""","44""","49""","20"""
british-columbia,Fernie,Epic,2019 - 2020,"253""",61,"25""","45""","67""","14"""
british-columbia,Fernie,Epic,2020 - 2021,"206""",52,"21""","47""","47""","15"""
british-columbia,Fernie,Epic,2021 - To Date,"224""",46,"55""","81""","83""","21"""
trentino,Folgàrida - Marilléva,Epic,2012 - 2013,180cm,11,47cm,109cm,80cm,30cm
trentino,Folgàrida - Marilléva,Epic,2013 - 2014,197cm,6,65cm,177cm,130cm,105cm
trentino,Folgàrida - Marilléva,Epic,2014 - 2015,290cm,10,30cm,77cm,80cm,70cm
trentino,Folgàrida - Marilléva,Epic,2015 - 2016,235cm,12,15cm,69cm,80cm,50cm
trentino,Folgàrida - Marilléva,Epic,2016 - 2017,174cm,11,22cm,52cm,40cm,50cm
trentino,Folgàrida - Marilléva,Epic,2017 - 2018,294cm,20,32cm,127cm,80cm,55cm
trentino,Folgàrida - Marilléva,Epic,2018 - 2019,279cm,9,26cm,71cm,110cm,100cm
trentino,Folgàrida - Marilléva,Epic,2019 - 2020,156cm,11,37cm,145cm,80cm,55cm
trentino,Folgàrida - Marilléva,Epic,2020 - 2021,0cm,0,26cm,44cm,140cm,0cm
trentino,Folgàrida - Marilléva,Epic,2021 - To Date,107cm,6,34cm,79cm,86cm,30cm
california,Heavenly,Epic,2012 - 2013,"247""",49,"28""","45""","48""","28"""
california,Heavenly,Epic,2013 - 2014,"189""",29,"27""","32""","54""","30"""
california,Heavenly,Epic,2014 - 2015,"89""",24,"23""","22""","39""","12"""
california,Heavenly,Epic,2015 - 2016,"325""",43,"40""","51""","85""","36"""
california,Heavenly,Epic,2016 - 2017,"620""",57,"64""","90""","136""","48"""
california,Heavenly,Epic,2017 - 2018,"271""",38,"13""","41""","32""","30"""
california,Heavenly,Epic,2018 - 2019,"496""",67,"44""","69""","128""","42"""
california,Heavenly,Epic,2019 - 2020,"158""",31,"18""","31""","58""","15"""
california,Heavenly,Epic,2020 - 2021,"132""",31,"26""","41""","55""","22"""
california,Heavenly,Epic,2021 - To Date,"183""",27,"39""","59""","70""","25"""
colorado,Keystone,Epic,2012 - 2013,"163""",65,"23""","20""","50""","6"""
colorado,Keystone,Epic,2013 - 2014,"268""",81,"36""","35""","78""","17"""
colorado,Keystone,Epic,2014 - 2015,"180""",58,"27""","26""","56""","11"""
colorado,Keystone,Epic,2015 - 2016,"269""",74,"40""","40""","70""","14"""
colorado,Keystone,Epic,2016 - 2017,"259""",73,"32""","32""","67""","17"""
colorado,Keystone,Epic,2017 - 2018,"211""",59,"29""","29""","74""","15"""
colorado,Keystone,Epic,2018 - 2019,"225""",69,"35""","34""","82""","17"""
colorado,Keystone,Epic,2019 - 2020,"203""",63,"24""","22""","63""","11"""
colorado,Keystone,Epic,2020 - 2021,"192""",69,"26""","26""","59""","11"""
colorado,Keystone,Epic,2021 - To Date,"142""",54,"32""","32""","53""","9"""
british-columbia,Kicking Horse,Epic,2012 - 2013,"148""",53,"24""","43""","52""","13"""
british-columbia,Kicking Horse,Epic,2013 - 2014,"221""",74,"20""","38""","53""","12"""
british-columbia,Kicking Horse,Epic,2014 - 2015,"196""",82,"6""","36""","28""","16"""
british-columbia,Kicking Horse,Epic,2015 - 2016,"204""",85,"21""","44""","39""","17"""
british-columbia,Kicking Horse,Epic,2016 - 2017,"224""",83,"17""","49""","44""","18"""
british-columbia,Kicking Horse,Epic,2017 - 2018,"243""",96,"20""","51""","56""","13"""
british-columbia,Kicking Horse,Epic,2018 - 2019,"189""",67,"18""","42""","39""","13"""
british-columbia,Kicking Horse,Epic,2019 - 2020,"176""",58,"16""","36""","41""","18"""
british-columbia,Kicking Horse,Epic,2020 - 2021,"151""",45,"45""","143""","83""","12"""
british-columbia,Kicking Horse,Epic,2021 - To Date,"187""",54,"66""","72""","96""","12"""
british-columbia,Kimberley,Epic,2012 - 2013,"72""",33,"21""","32""","58""","8"""
british-columbia,Kimberley,Epic,2013 - 2014,"131""",52,"17""","38""","86""","9"""
british-columbia,Kimberley,Epic,2014 - 2015,"80""",27,"18""","24""","51""","14"""
british-columbia,Kimberley,Epic,2015 - 2016,"108""",56,"4""","24""","44""","7"""
british-columbia,Kimberley,Epic,2016 - 2017,"163""",57,"25""","33""","79""","18"""
british-columbia,Kimberley,Epic,2017 - 2018,"199""",67,"28""","35""","63""","14"""
british-columbia,Kimberley,Epic,2018 - 2019,"105""",58,"25""","24""","61""","7"""
british-columbia,Kimberley,Epic,2019 - 2020,"116""",54,"20""","19""","55""","10"""
british-columbia,Kimberley,Epic,2020 - 2021,"109""",49,"17""","24""","33""","14"""
british-columbia,Kimberley,Epic,2021 - To Date,"120""",54,"28""","81""","50""","6"""
california,Kirkwood,Epic,2012 - 2013,"338""",46,"51""","64""","92""","25"""
california,Kirkwood,Epic,2013 - 2014,"334""",36,"27""","32""","80""","31"""
california,Kirkwood,Epic,2014 - 2015,"143""",27,"16""","24""","43""","24"""
california,Kirkwood,Epic,2015 - 2016,"391""",46,"53""","54""","116""","37"""
california,Kirkwood,Epic,2016 - 2017,"680""",58,"86""","104""","210""","48"""
california,Kirkwood,Epic,2017 - 2018,"311""",36,"27""","38""","90""","36"""
california,Kirkwood,Epic,2018 - 2019,"578""",69,"68""","84""","162""","34"""
california,Kirkwood,Epic,2019 - 2020,"173""",28,"30""","29""","63""","30"""
california,Kirkwood,Epic,2020 - 2021,"186""",34,"33""","32""","83""","27"""
california,Kirkwood,Epic,2021 - To Date,"188""",22,"49""","57""","92""","25"""
northern-alps,La Tania,Epic,2012 - 2013,141cm,13,77cm,121cm,173cm,30cm
northern-alps,La Tania,Epic,2013 - 2014,197cm,17,65cm,94cm,159cm,20cm
northern-alps,La Tania,Epic,2014 - 2015,312cm,28,51cm,67cm,110cm,45cm
northern-alps,La Tania,Epic,2015 - 2016,185cm,26,78cm,121cm,161cm,31cm
northern-alps,La Tania,Epic,2016 - 2017,147cm,13,49cm,115cm,161cm,39cm
northern-alps,La Tania,Epic,2017 - 2018,325cm,33,134cm,211cm,224cm,53cm
northern-alps,La Tania,Epic,2018 - 2019,179cm,28,63cm,126cm,136cm,18cm
northern-alps,La Tania,Epic,2019 - 2020,339cm,38,77cm,151cm,167cm,40cm
northern-alps,La Tania,Epic,2020 - 2021,0cm,0,0cm,0cm,0cm,0cm
northern-alps,La Tania,Epic,2021 - To Date,182cm,20,81cm,115cm,129cm,25cm
northern-alps,Les Menuires,Epic,2012 - 2013,607cm,51,83cm,176cm,140cm,65cm
northern-alps,Les Menuires,Epic,2013 - 2014,298cm,30,76cm,108cm,143cm,35cm
northern-alps,Les Menuires,Epic,2014 - 2015,313cm,31,54cm,105cm,88cm,50cm
northern-alps,Les Menuires,Epic,2015 - 2016,288cm,32,62cm,126cm,125cm,29cm
northern-alps,Les Menuires,Epic,2016 - 2017,295cm,23,39cm,112cm,95cm,50cm
northern-alps,Les Menuires,Epic,2017 - 2018,367cm,36,127cm,226cm,214cm,50cm
northern-alps,Les Menuires,Epic,2018 - 2019,225cm,26,63cm,144cm,162cm,30cm
northern-alps,Les Menuires,Epic,2019 - 2020,384cm,32,87cm,185cm,182cm,34cm
northern-alps,Les Menuires,Epic,2020 - 2021,126cm,9,53cm,123cm,175cm,32cm
northern-alps,Les Menuires,Epic,2021 - To Date,286cm,23,81cm,139cm,130cm,39cm
trentino,Madonna Di Campiglio,Epic,2012 - 2013,417cm,12,49cm,118cm,80cm,120cm
trentino,Madonna Di Campiglio,Epic,2013 - 2014,487cm,17,127cm,173cm,250cm,90cm
trentino,Madonna Di Campiglio,Epic,2014 - 2015,197cm,10,38cm,137cm,90cm,50cm
trentino,Madonna Di Campiglio,Epic,2015 - 2016,383cm,16,33cm,91cm,108cm,60cm
trentino,Madonna Di Campiglio,Epic,2016 - 2017,243cm,13,19cm,59cm,50cm,40cm
trentino,Madonna Di Campiglio,Epic,2017 - 2018,318cm,25,84cm,190cm,152cm,80cm
trentino,Madonna Di Campiglio,Epic,2018 - 2019,155cm,7,28cm,87cm,70cm,80cm
trentino,Madonna Di Campiglio,Epic,2019 - 2020,585cm,24,58cm,155cm,80cm,75cm
trentino,Madonna Di Campiglio,Epic,2020 - 2021,2cm,1,103cm,148cm,177cm,2cm
trentino,Madonna Di Campiglio,Epic,2021 - To Date,175cm,8,31cm,70cm,49cm,46cm
northern-alps,Meribel,Epic,2012 - 2013,732cm,46,88cm,167cm,155cm,60cm
northern-alps,Meribel,Epic,2013 - 2014,77cm,10,64cm,100cm,141cm,30cm
northern-alps,Meribel,Epic,2014 - 2015,209cm,20,41cm,92cm,108cm,40cm
northern-alps,Meribel,Epic,2015 - 2016,200cm,27,59cm,126cm,125cm,40cm
northern-alps,Meribel,Epic,2016 - 2017,258cm,17,27cm,98cm,90cm,40cm
northern-alps,Meribel,Epic,2017 - 2018,515cm,36,73cm,213cm,125cm,40cm
northern-alps,Meribel,Epic,2018 - 2019,220cm,23,57cm,131cm,140cm,30cm
northern-alps,Meribel,Epic,2019 - 2020,313cm,33,61cm,154cm,120cm,30cm
northern-alps,Meribel,Epic,2020 - 2021,50cm,2,15cm,39cm,80cm,30cm
northern-alps,Meribel,Epic,2021 - To Date,234cm,25,62cm,117cm,100cm,40cm
quebec,Mont-Sainte-Anne,Epic,2012 - 2013,"170""",69,"25""","30""","46""","14"""
quebec,Mont-Sainte-Anne,Epic,2013 - 2014,"197""",78,"71""","36""","185""","21"""
quebec,Mont-Sainte-Anne,Epic,2014 - 2015,"167""",57,"12""","27""","52""","12"""
quebec,Mont-Sainte-Anne,Epic,2015 - 2016,"172""",70,"78""","77""","166""","8"""
quebec,Mont-Sainte-Anne,Epic,2016 - 2017,"213""",75,"22""","23""","49""","17"""
quebec,Mont-Sainte-Anne,Epic,2017 - 2018,"185""",72,"16""","18""","26""","13"""
quebec,Mont-Sainte-Anne,Epic,2018 - 2019,"197""",65,"15""","26""","28""","13"""
quebec,Mont-Sainte-Anne,Epic,2019 - 2020,"153""",59,"11""","8""","25""","16"""
quebec,Mont-Sainte-Anne,Epic,2020 - 2021,"94""",47,"13""","15""","71""","9"""
quebec,Mont-Sainte-Anne,Epic,2021 - To Date,"145""",63,"18""","24""","35""","8"""
alberta,Nakiska,Epic,2012 - 2013,"93""",46,"13""","27""","22""","14"""
alberta,Nakiska,Epic,2013 - 2014,"191""",74,"22""","34""","52""","12"""
alberta,Nakiska,Epic,2014 - 2015,"67""",32,"15""","16""","25""","9"""
alberta,Nakiska,Epic,2015 - 2016,"78""",34,"19""","24""","30""","24"""
alberta,Nakiska,Epic,2016 - 2017,"109""",51,"12""","27""","30""","8"""
alberta,Nakiska,Epic,2017 - 2018,"145""",78,"21""","32""","43""","12"""
alberta,Nakiska,Epic,2018 - 2019,"114""",49,"29""","28""","55""","13"""
alberta,Nakiska,Epic,2019 - 2020,"100""",47,"24""","24""","64""","9"""
alberta,Nakiska,Epic,2020 - 2021,"58""",42,"21""","27""","47""","7"""
alberta,Nakiska,Epic,2021 - To Date,"105""",68,"33""","34""","49""","6"""
valais,Nendaz,Epic,2012 - 2013,270cm,20,72cm,194cm,177cm,40cm
valais,Nendaz,Epic,2013 - 2014,370cm,40,36cm,121cm,95cm,31cm
valais,Nendaz,Epic,2014 - 2015,140cm,11,20cm,132cm,60cm,45cm
valais,Nendaz,Epic,2015 - 2016,216cm,13,33cm,191cm,60cm,40cm
valais,Nendaz,Epic,2016 - 2017,87cm,6,21cm,125cm,40cm,30cm
valais,Nendaz,Epic,2017 - 2018,449cm,20,25cm,214cm,70cm,70cm
valais,Nendaz,Epic,2018 - 2019,281cm,16,17cm,140cm,25cm,30cm
valais,Nendaz,Epic,2019 - 2020,245cm,9,24cm,104cm,50cm,50cm
valais,Nendaz,Epic,2020 - 2021,245cm,16,38cm,112cm,50cm,40cm
valais,Nendaz,Epic,2021 - To Date,180cm,7,32cm,90cm,50cm,70cm
california,Northstar California,Epic,2012 - 2013,"283""",42,"22""","51""","50""","36"""
california,Northstar California,Epic,2013 - 2014,"177""",32,"14""","26""","25""","32"""
california,Northstar California,Epic,2014 - 2015,"134""",31,"11""","24""","18""","13"""
california,Northstar California,Epic,2015 - 2016,"433""",59,"31""","57""","68""","34"""
california,Northstar California,Epic,2016 - 2017,"692""",64,"47""","88""","131""","42"""
california,Northstar California,Epic,2017 - 2018,"269""",35,"12""","38""","45""","26"""
california,Northstar California,Epic,2018 - 2019,"601""",73,"13""","69""","18""","37"""
california,Northstar California,Epic,2019 - 2020,"202""",34,"0""","26""","0""","29"""
california,Northstar California,Epic,2020 - 2021,"181""",34,"16""","36""","51""","32"""
california,Northstar California,Epic,2021 - To Date,"213""",24,"26""","72""","86""","34"""
vermont,Okemo,Epic,2012 - 2013,"136""",44,"15""","20""","30""","12"""
vermont,Okemo,Epic,2013 - 2014,"158""",46,"15""","23""","26""","22"""
vermont,Okemo,Epic,2014 - 2015,"142""",34,"18""","23""","40""","15"""
vermont,Okemo,Epic,2015 - 2016,"20""",6,"9""","16""","16""","6"""
vermont,Okemo,Epic,2016 - 2017,"159""",33,"13""","21""","32""","17"""
vermont,Okemo,Epic,2017 - 2018,"171""",34,"20""","29""","46""","16"""
vermont,Okemo,Epic,2018 - 2019,"148""",40,"18""","22""","38""","18"""
vermont,Okemo,Epic,2019 - 2020,"49""",19,"17""","17""","36""","6"""
vermont,Okemo,Epic,2020 - 2021,"78""",29,"15""","18""","34""","12"""
vermont,Okemo,Epic,2021 - To Date,"115""",31,"14""","18""","22""","13"""
northern-alps,Orelle,Epic,2012 - 2013,212cm,18,110cm,183cm,210cm,40cm
northern-alps,Orelle,Epic,2013 - 2014,273cm,28,100cm,173cm,170cm,30cm
northern-alps,Orelle,Epic,2014 - 2015,255cm,30,77cm,124cm,150cm,35cm
northern-alps,Orelle,Epic,2015 - 2016,394cm,31,114cm,180cm,210cm,45cm
northern-alps,Orelle,Epic,2016 - 2017,280cm,19,92cm,159cm,180cm,45cm
northern-alps,Orelle,Epic,2017 - 2018,657cm,45,176cm,239cm,290cm,50cm
northern-alps,Orelle,Epic,2018 - 2019,347cm,32,110cm,167cm,190cm,30cm
northern-alps,Orelle,Epic,2019 - 2020,574cm,34,141cm,232cm,250cm,70cm
northern-alps,Orelle,Epic,2020 - 2021,0cm,0,0cm,0cm,0cm,0cm
northern-alps,Orelle,Epic,2021 - To Date,273cm,17,92cm,190cm,150cm,40cm
utah,Park City,Epic,2012 - 2013,"257""",49,"28""","38""","55""","24"""
utah,Park City,Epic,2013 - 2014,"242""",54,"39""","37""","92""","12"""
utah,Park City,Epic,2014 - 2015,"154""",41,"30""","28""","66""","17"""
utah,Park City,Epic,2015 - 2016,"288""",61,"31""","37""","68""","17"""
utah,Park City,Epic,2016 - 2017,"404""",70,"41""","54""","86""","20"""
utah,Park City,Epic,2017 - 2018,"167""",43,"23""","29""","50""","14"""
utah,Park City,Epic,2018 - 2019,"328""",61,"40""","51""","88""","21"""
utah,Park City,Epic,2019 - 2020,"200""",50,"27""","31""","59""","17"""
utah,Park City,Epic,2020 - 2021,"186""",43,"27""","28""","60""","20"""
utah,Park City,Epic,2021 - To Date,"167""",38,"35""","45""","53""","15"""
trentino,Pontedilegno - Tonale,Epic,2012 - 2013,95cm,5,71cm,222cm,130cm,40cm
trentino,Pontedilegno - Tonale,Epic,2013 - 2014,400cm,10,67cm,357cm,100cm,100cm
trentino,Pontedilegno - Tonale,Epic,2014 - 2015,255cm,10,42cm,371cm,70cm,70cm
trentino,Pontedilegno - Tonale,Epic,2015 - 2016,295cm,10,42cm,113cm,80cm,100cm
trentino,Pontedilegno - Tonale,Epic,2016 - 2017,135cm,9,38cm,117cm,60cm,30cm
trentino,Pontedilegno - Tonale,Epic,2017 - 2018,342cm,22,50cm,198cm,60cm,80cm
trentino,Pontedilegno - Tonale,Epic,2018 - 2019,35cm,3,46cm,271cm,80cm,20cm
trentino,Pontedilegno - Tonale,Epic,2019 - 2020,341cm,15,44cm,366cm,70cm,80cm
trentino,Pontedilegno - Tonale,Epic,2020 - 2021,150cm,6,112cm,461cm,150cm,40cm
trentino,Pontedilegno - Tonale,Epic,2021 - To Date,32cm,4,38cm,153cm,50cm,10cm
northern-alps,St Martin de Belleville,Epic,2012 - 2013,498cm,47,63cm,173cm,104cm,30cm
northern-alps,St Martin de Belleville,Epic,2013 - 2014,234cm,27,56cm,110cm,107cm,30cm
northern-alps,St Martin de Belleville,Epic,2014 - 2015,347cm,29,29cm,96cm,68cm,50cm
northern-alps,St Martin de Belleville,Epic,2015 - 2016,300cm,32,38cm,126cm,91cm,40cm
northern-alps,St Martin de Belleville,Epic,2016 - 2017,275cm,22,31cm,113cm,458cm,80cm
northern-alps,St Martin de Belleville,Epic,2017 - 2018,346cm,35,92cm,229cm,169cm,50cm
northern-alps,St Martin de Belleville,Epic,2018 - 2019,182cm,23,51cm,145cm,120cm,30cm
northern-alps,St Martin de Belleville,Epic,2019 - 2020,293cm,30,48cm,185cm,103cm,38cm
northern-alps,St Martin de Belleville,Epic,2020 - 2021,0cm,0,0cm,0cm,0cm,0cm
northern-alps,St Martin de Belleville,Epic,2021 - To Date,80cm,6,50cm,141cm,90cm,27cm
utah,Snowbasin,Epic,2012 - 2013,"197""",40,"36""","36""","78""","20"""
utah,Snowbasin,Epic,2013 - 2014,"227""",46,"46""","46""","109""","18"""
utah,Snowbasin,Epic,2014 - 2015,"117""",33,"25""","31""","68""","10"""
utah,Snowbasin,Epic,2015 - 2016,"253""",55,"35""","46""","80""","22"""
utah,Snowbasin,Epic,2016 - 2017,"421""",62,"71""","67""","157""","25"""
utah,Snowbasin,Epic,2017 - 2018,"205""",51,"28""","28""","70""","12"""
utah,Snowbasin,Epic,2018 - 2019,"432""",78,"62""","60""","237""","21"""
utah,Snowbasin,Epic,2019 - 2020,"220""",53,"42""","38""","90""","14"""
utah,Snowbasin,Epic,2020 - 2021,"295""",47,"42""","39""","100""","21"""
utah,Snowbasin,Epic,2021 - To Date,"198""",35,"37""","38""","69""","23"""
washington,Stevens Pass,Epic,2012 - 2013,"436""",62,"59""","67""","122""","69"""
washington,Stevens Pass,Epic,2013 - 2014,"373""",65,"50""","75""","134""","20"""
washington,Stevens Pass,Epic,2014 - 2015,"126""",27,"22""","24""","54""","16"""
washington,Stevens Pass,Epic,2015 - 2016,"393""",68,"42""","56""","97""","19"""
washington,Stevens Pass,Epic,2016 - 2017,"350""",67,"51""","57""","114""","17"""
washington,Stevens Pass,Epic,2017 - 2018,"282""",63,"52""","69""","112""","20"""
washington,Stevens Pass,Epic,2018 - 2019,"267""",50,"40""","55""","88""","18"""
washington,Stevens Pass,Epic,2019 - 2020,"422""",65,"41""","55""","122""","21"""
washington,Stevens Pass,Epic,2020 - 2021,"414""",69,"60""","82""","149""","27"""
washington,Stevens Pass,Epic,2021 - To Date,"334""",49,"58""","55""","106""","34"""
quebec,Stoneham Mountain,Epic,2012 - 2013,"134""",35,"12""","11""","33""","11"""
quebec,Stoneham Mountain,Epic,2013 - 2014,"125""",53,"22""","21""","47""","9"""
quebec,Stoneham Mountain,Epic,2014 - 2015,"151""",46,"21""","21""","51""","12"""
quebec,Stoneham Mountain,Epic,2015 - 2016,"147""",48,"10""","10""","39""","13"""
quebec,Stoneham Mountain,Epic,2016 - 2017,"177""",65,"12""","12""","28""","10"""
quebec,Stoneham Mountain,Epic,2017 - 2018,"148""",62,"19""","18""","41""","11"""
quebec,Stoneham Mountain,Epic,2018 - 2019,"166""",51,"24""","24""","67""","10"""
quebec,Stoneham Mountain,Epic,2019 - 2020,"115""",51,"11""","11""","31""","8"""
quebec,Stoneham Mountain,Epic,2020 - 2021,"87""",42,"7""","7""","20""","7"""
quebec,Stoneham Mountain,Epic,2021 - To Date,"133""",59,"23""","23""","51""","8"""
vermont,Stowe,Epic,2012 - 2013,"218""",53,"21""","37""","36""","14"""
vermont,Stowe,Epic,2013 - 2014,"231""",60,"17""","34""","44""","20"""
vermont,Stowe,Epic,2014 - 2015,"249""",66,"19""","41""","36""","12"""
vermont,Stowe,Epic,2015 - 2016,"146""",44,"9""","21""","20""","12"""
vermont,Stowe,Epic,2016 - 2017,"330""",69,"18""","36""","40""","28"""
vermont,Stowe,Epic,2017 - 2018,"258""",66,"18""","37""","36""","18"""
vermont,Stowe,Epic,2018 - 2019,"242""",63,"20""","27""","37""","21"""
vermont,Stowe,Epic,2019 - 2020,"182""",48,"18""","33""","36""","21"""
vermont,Stowe,Epic,2020 - 2021,"184""",68,"13""","27""","30""","10"""
vermont,Stowe,Epic,2021 - To Date,"166""",49,"16""","34""","24""","17"""
idaho,Sun Valley,Epic,2012 - 2013,"165""",46,"15""","35""","24""","20"""
idaho,Sun Valley,Epic,2013 - 2014,"161""",45,"19""","26""","43""","17"""
idaho,Sun Valley,Epic,2014 - 2015,"143""",36,"20""","37""","48""","16"""
idaho,Sun Valley,Epic,2015 - 2016,"243""",65,"31""","53""","72""","15"""
idaho,Sun Valley,Epic,2016 - 2017,"359""",79,"37""","58""","103""","20"""
idaho,Sun Valley,Epic,2017 - 2018,"120""",39,"26""","43""","65""","19"""
idaho,Sun Valley,Epic,2018 - 2019,"193""",52,"40""","50""","110""","29"""
idaho,Sun Valley,Epic,2019 - 2020,"68""",28,"19""","26""","39""","7"""
idaho,Sun Valley,Epic,2020 - 2021,"125""",28,"36""","46""","89""","27"""
idaho,Sun Valley,Epic,2021 - To Date,"102""",28,"42""","59""","56""","12"""
valais,Thyon 2000,Epic,2012 - 2013,210cm,15,36cm,199cm,65cm,40cm
valais,Thyon 2000,Epic,2013 - 2014,260cm,23,34cm,132cm,85cm,40cm
valais,Thyon 2000,Epic,2014 - 2015,99cm,10,14cm,141cm,30cm,30cm
valais,Thyon 2000,Epic,2015 - 2016,201cm,13,30cm,141cm,60cm,40cm
valais,Thyon 2000,Epic,2016 - 2017,87cm,6,21cm,125cm,40cm,30cm
valais,Thyon 2000,Epic,2017 - 2018,449cm,20,25cm,213cm,70cm,70cm
valais,Thyon 2000,Epic,2018 - 2019,196cm,12,17cm,140cm,25cm,30cm
valais,Thyon 2000,Epic,2019 - 2020,165cm,7,23cm,109cm,50cm,50cm
valais,Thyon 2000,Epic,2020 - 2021,250cm,16,38cm,120cm,50cm,40cm
valais,Thyon 2000,Epic,2021 - To Date,180cm,7,31cm,90cm,50cm,70cm
colorado,Vail,Epic,2012 - 2013,"285""",81,"25""","24""","71""","13"""
colorado,Vail,Epic,2013 - 2014,"263""",65,"39""","36""","449""","21"""
colorado,Vail,Epic,2014 - 2015,"236""",56,"30""","28""","65""","12"""
colorado,Vail,Epic,2015 - 2016,"313""",74,"36""","35""","77""","15"""
colorado,Vail,Epic,2016 - 2017,"215""",69,"31""","30""","65""","10"""
colorado,Vail,Epic,2017 - 2018,"171""",45,"28""","27""","70""","11"""
colorado,Vail,Epic,2018 - 2019,"281""",77,"42""","42""","96""","15"""
colorado,Vail,Epic,2019 - 2020,"229""",59,"32""","31""","87""","17"""
colorado,Vail,Epic,2020 - 2021,"218""",64,"36""","35""","63""","13"""
colorado,Vail,Epic,2021 - To Date,"186""",54,"43""","43""","71""","11"""
northern-alps,Val Thorens,Epic,2012 - 2013,738cm,58,126cm,237cm,200cm,55cm
northern-alps,Val Thorens,Epic,2013 - 2014,619cm,49,96cm,164cm,155cm,75cm
northern-alps,Val Thorens,Epic,2014 - 2015,513cm,40,86cm,137cm,150cm,60cm
northern-alps,Val Thorens,Epic,2015 - 2016,610cm,44,113cm,178cm,190cm,50cm
northern-alps,Val Thorens,Epic,2016 - 2017,445cm,27,91cm,170cm,180cm,45cm
northern-alps,Val Thorens,Epic,2017 - 2018,629cm,47,180cm,224cm,275cm,40cm
northern-alps,Val Thorens,Epic,2018 - 2019,469cm,48,126cm,166cm,216cm,33cm
northern-alps,Val Thorens,Epic,2019 - 2020,726cm,61,175cm,225cm,384cm,35cm
northern-alps,Val Thorens,Epic,2020 - 2021,463cm,40,109cm,149cm,221cm,34cm
northern-alps,Val Thorens,Epic,2021 - To Date,471cm,44,329cm,147cm,35140cm,39cm
valais,Verbier,Epic,2012 - 2013,623cm,33,72cm,187cm,150cm,80cm
valais,Verbier,Epic,2013 - 2014,406cm,44,35cm,121cm,100cm,31cm
valais,Verbier,Epic,2014 - 2015,227cm,24,23cm,115cm,75cm,45cm
valais,Verbier,Epic,2015 - 2016,364cm,30,27cm,136cm,60cm,35cm
valais,Verbier,Epic,2016 - 2017,186cm,17,22cm,127cm,60cm,42cm
valais,Verbier,Epic,2017 - 2018,793cm,42,68cm,228cm,120cm,60cm
valais,Verbier,Epic,2018 - 2019,480cm,32,64cm,169cm,135cm,60cm
valais,Verbier,Epic,2019 - 2020,594cm,34,42cm,202cm,95cm,45cm
valais,Verbier,Epic,2020 - 2021,316cm,27,45cm,140cm,112cm,35cm
valais,Verbier,Epic,2021 - To Date,288cm,27,31cm,83cm,80cm,26cm
valais,Veysonnaz - Printze,Epic,2012 - 2013,290cm,24,37cm,195cm,65cm,25cm
valais,Veysonnaz - Printze,Epic,2013 - 2014,306cm,29,35cm,132cm,85cm,40cm
valais,Veysonnaz - Printze,Epic,2014 - 2015,89cm,9,14cm,142cm,30cm,30cm
valais,Veysonnaz - Printze,Epic,2015 - 2016,186cm,12,30cm,141cm,60cm,40cm
valais,Veysonnaz - Printze,Epic,2016 - 2017,87cm,6,21cm,124cm,40cm,30cm
valais,Veysonnaz - Printze,Epic,2017 - 2018,459cm,21,23cm,213cm,70cm,70cm
valais,Veysonnaz - Printze,Epic,2018 - 2019,251cm,15,21cm,218cm,25cm,30cm
valais,Veysonnaz - Printze,Epic,2019 - 2020,265cm,10,28cm,112cm,50cm,50cm
valais,Veysonnaz - Printze,Epic,2020 - 2021,245cm,16,38cm,113cm,50cm,40cm
valais,Veysonnaz - Printze,Epic,2021 - To Date,157cm,7,27cm,74cm,50cm,70cm
british-columbia,Whistler Blackcomb,Epic,2012 - 2013,"280""",61,"52""","65""","112""","19"""
british-columbia,Whistler Blackcomb,Epic,2013 - 2014,"274""",80,"54""","53""","117""","25"""
british-columbia,Whistler Blackcomb,Epic,2014 - 2015,"219""",68,"31""","40""","79""","13"""
british-columbia,Whistler Blackcomb,Epic,2015 - 2016,"435""",98,"68""","67""","148""","21"""
british-columbia,Whistler Blackcomb,Epic,2016 - 2017,"505""",110,"27""","77""","106""","25"""
british-columbia,Whistler Blackcomb,Epic,2017 - 2018,"316""",94,"81""","70""","132""","24"""
british-columbia,Whistler Blackcomb,Epic,2018 - 2019,"374""",82,"44""","66""","106""","29"""
british-columbia,Whistler Blackcomb,Epic,2019 - 2020,"295""",76,"40""","39""","108""","18"""
british-columbia,Whistler Blackcomb,Epic,2020 - 2021,"281""",76,"45""","41""","118""","25"""
british-columbia,Whistler Blackcomb,Epic,2021 - To Date,"321""",76,"0""","69""","0""","24"""
minnesota,Afton Alps,Epic,2012 - 2013,"58""",16,"21""","27""","39""","15"""
minnesota,Afton Alps,Epic,2013 - 2014,"83""",37,"29""","41""","68""","6"""
minnesota,Afton Alps,Epic,2014 - 2015,"35""",21,"15""","26""","30""","3"""
minnesota,Afton Alps,Epic,2015 - 2016,"27""",10,"13""","20""","35""","11"""
minnesota,Afton Alps,Epic,2016 - 2017,"29""",8,"10""","26""","24""","7"""
minnesota,Afton Alps,Epic,2017 - 2018,"42""",11,"10""","30""","24""","11"""
minnesota,Afton Alps,Epic,2018 - 2019,"56""",16,"11""","34""","30""","7"""
minnesota,Afton Alps,Epic,2019 - 2020,"34""",11,"11""","15""","24""","6"""
minnesota,Afton Alps,Epic,2020 - 2021,"38""",16,"6""","12""","12""","6"""
minnesota,Afton Alps,Epic,2021 - To Date,"19""",7,"20""","13""","40""","5"""
trentino,Folgaria - Lavarone,Epic,2012 - 2013,400cm,20,85cm,87cm,160cm,40cm
trentino,Folgaria - Lavarone,Epic,2013 - 2014,385cm,14,69cm,127cm,100cm,50cm
trentino,Folgaria - Lavarone,Epic,2014 - 2015,350cm,15,36cm,61cm,100cm,50cm
trentino,Folgaria - Lavarone,Epic,2015 - 2016,145cm,7,33cm,58cm,60cm,40cm
trentino,Folgaria - Lavarone,Epic,2016 - 2017,120cm,8,22cm,40cm,50cm,40cm
trentino,Folgaria - Lavarone,Epic,2017 - 2018,150cm,9,37cm,67cm,50cm,40cm
trentino,Folgaria - Lavarone,Epic,2018 - 2019,102cm,10,39cm,60cm,80cm,40cm
trentino,Folgaria - Lavarone,Epic,2019 - 2020,240cm,15,31cm,57cm,50cm,40cm
trentino,Folgaria - Lavarone,Epic,2020 - 2021,165cm,5,41cm,105cm,100cm,60cm
trentino,Folgaria - Lavarone,Epic,2021 - To Date,110cm,6,21cm,35cm,40cm,40cm
trentino,Paganella Ski,Epic,2012 - 2013,253cm,12,29cm,85cm,85cm,70cm
trentino,Paganella Ski,Epic,2013 - 2014,551cm,16,36cm,272cm,116cm,60cm
trentino,Paganella Ski,Epic,2014 - 2015,271cm,13,10cm,87cm,25cm,38cm
trentino,Paganella Ski,Epic,2015 - 2016,237cm,13,220cm,85cm,1050cm,60cm
trentino,Paganella Ski,Epic,2016 - 2017,118cm,9,10cm,35cm,25cm,40cm
trentino,Paganella Ski,Epic,2017 - 2018,245cm,16,26cm,108cm,39cm,35cm
trentino,Paganella Ski,Epic,2018 - 2019,164cm,10,27cm,67cm,60cm,60cm
trentino,Paganella Ski,Epic,2019 - 2020,242cm,11,37cm,126cm,50cm,60cm
trentino,Paganella Ski,Epic,2020 - 2021,90cm,2,81cm,76cm,200cm,60cm
trentino,Paganella Ski,Epic,2021 - To Date,148cm,12,35cm,69cm,40cm,50cm
colorado,Crested Butte,Epic,2012 - 2013,"143""",39,"26""","25""","56""","11"""
colorado,Crested Butte,Epic,2013 - 2014,"246""",49,"42""","38""","87""","25"""
colorado,Crested Butte,Epic,2014 - 2015,"192""",41,"26""","25""","63""","21"""
colorado,Crested Butte,Epic,2015 - 2016,"132""",37,"33""","29""","70""","12"""
colorado,Crested Butte,Epic,2016 - 2017,"335""",68,"45""","43""","90""","21"""
colorado,Crested Butte,Epic,2017 - 2018,"145""",40,"24""","23""","57""","11"""
colorado,Crested Butte,Epic,2018 - 2019,"251""",72,"44""","43""","100""","14"""
colorado,Crested Butte,Epic,2019 - 2020,"168""",49,"26""","25""","72""","10"""
colorado,Crested Butte,Epic,2020 - 2021,"144""",52,"30""","29""","63""","11"""
colorado,Crested Butte,Epic,2021 - To Date,"228""",49,"49""","47""","85""","22"""
trentino,Monte Bondone,Epic,2012 - 2013,145cm,6,40cm,84cm,80cm,50cm
trentino,Monte Bondone,Epic,2013 - 2014,290cm,7,73cm,129cm,140cm,70cm
trentino,Monte Bondone,Epic,2014 - 2015,118cm,8,22cm,53cm,70cm,60cm
trentino,Monte Bondone,Epic,2015 - 2016,95cm,6,42cm,47cm,100cm,45cm
trentino,Monte Bondone,Epic,2016 - 2017,75cm,4,31cm,31cm,60cm,40cm
trentino,Monte Bondone,Epic,2017 - 2018,152cm,9,44cm,68cm,75cm,60cm
trentino,Monte Bondone,Epic,2018 - 2019,102cm,5,22cm,49cm,70cm,60cm
trentino,Monte Bondone,Epic,2019 - 2020,45cm,4,22cm,113cm,35cm,22cm
trentino,Monte Bondone,Epic,2020 - 2021,40cm,1,28cm,50cm,100cm,40cm
trentino,Monte Bondone,Epic,2021 - To Date,40cm,1,19cm,47cm,40cm,40cm
new-hampshire,Mount Sunapee,Epic,2012 - 2013,"96""",24,"12""","20""","25""","20"""
new-hampshire,Mount Sunapee,Epic,2013 - 2014,"132""",36,"13""","24""","24""","14"""
new-hampshire,Mount Sunapee,Epic,2014 - 2015,"143""",37,"14""","24""","36""","14"""
new-hampshire,Mount Sunapee,Epic,2015 - 2016,"32""",11,"7""","14""","18""","6"""
new-hampshire,Mount Sunapee,Epic,2016 - 2017,"130""",32,"14""","21""","31""","16"""
new-hampshire,Mount Sunapee,Epic,2017 - 2018,"170""",31,"11""","17""","24""","20"""
new-hampshire,Mount Sunapee,Epic,2018 - 2019,"71""",20,"12""","18""","24""","12"""
new-hampshire,Mount Sunapee,Epic,2019 - 2020,"42""",16,"13""","13""","34""","6"""
new-hampshire,Mount Sunapee,Epic,2020 - 2021,"71""",20,"14""","17""","33""","16"""
new-hampshire,Mount Sunapee,Epic,2021 - To Date,"50""",18,"22""","22""","34""","6"""
michigan,Mt. Brighton,Epic,2012 - 2013,"11""",4,"12""","11""","28""","4"""
michigan,Mt. Brighton,Epic,2013 - 2014,"62""",21,"22""","29""","53""","8"""
michigan,Mt. Brighton,Epic,2014 - 2015,"36""",13,"14""","17""","30""","12"""
michigan,Mt. Brighton,Epic,2015 - 2016,"30""",11,"10""","15""","27""","10"""
michigan,Mt. Brighton,Epic,2016 - 2017,"30""",13,"12""","13""","34""","7"""
michigan,Mt. Brighton,Epic,2017 - 2018,"77""",32,"17""","17""","43""","6"""
michigan,Mt. Brighton,Epic,2018 - 2019,"26""",16,"17""","17""","41""","4"""
michigan,Mt. Brighton,Epic,2019 - 2020,"44""",22,"16""","16""","38""","5"""
michigan,Mt. Brighton,Epic,2020 - 2021,"39""",22,"16""","16""","46""","9"""
michigan,Mt. Brighton,Epic,2021 - To Date,"39""",15,"24""","24""","43""","6"""
trentino,Pejo,Epic,2012 - 2013,245cm,11,47cm,113cm,90cm,50cm
trentino,Pejo,Epic,2013 - 2014,285cm,15,88cm,185cm,160cm,45cm
trentino,Pejo,Epic,2014 - 2015,180cm,7,40cm,119cm,80cm,60cm
trentino,Pejo,Epic,2015 - 2016,133cm,8,13cm,59cm,50cm,60cm
trentino,Pejo,Epic,2016 - 2017,160cm,10,16cm,79cm,35cm,50cm
trentino,Pejo,Epic,2017 - 2018,397cm,18,54cm,157cm,80cm,50cm
trentino,Pejo,Epic,2018 - 2019,25cm,2,10cm,170cm,10cm,15cm
trentino,Pejo,Epic,2019 - 2020,75cm,5,39cm,179cm,80cm,40cm
trentino,Pejo,Epic,2020 - 2021,0cm,0,0cm,0cm,0cm,0cm
trentino,Pejo,Epic,2021 - To Date,0cm,0,30cm,74cm,40cm,0cm
trentino,Pinzolo,Epic,2012 - 2013,155cm,5,22cm,69cm,40cm,40cm
trentino,Pinzolo,Epic,2013 - 2014,410cm,9,35cm,161cm,50cm,100cm
trentino,Pinzolo,Epic,2014 - 2015,190cm,8,10cm,43cm,20cm,50cm
trentino,Pinzolo,Epic,2015 - 2016,165cm,6,13cm,53cm,40cm,60cm
trentino,Pinzolo,Epic,2016 - 2017,82cm,7,18cm,37cm,30cm,30cm
trentino,Pinzolo,Epic,2017 - 2018,123cm,4,36cm,132cm,50cm,80cm
trentino,Pinzolo,Epic,2018 - 2019,55cm,3,20cm,70cm,50cm,30cm
trentino,Pinzolo,Epic,2019 - 2020,30cm,5,34cm,112cm,42cm,10cm
trentino,Pinzolo,Epic,2020 - 2021,0cm,0,8cm,34cm,40cm,0cm
trentino,Pinzolo,Epic,2021 - To Date,54cm,2,23cm,54cm,25cm,40cm
colorado,Telluride,Epic,2012 - 2013,"196""",46,"27""","26""","63""","12"""
colorado,Telluride,Epic,2013 - 2014,"179""",36,"43""","39""","80""","15"""
colorado,Telluride,Epic,2014 - 2015,"204""",43,"33""","31""","75""","16"""
colorado,Telluride,Epic,2015 - 2016,"241""",51,"40""","36""","75""","19"""
colorado,Telluride,Epic,2016 - 2017,"294""",59,"39""","33""","86""","19"""
colorado,Telluride,Epic,2017 - 2018,"159""",37,"20""","23""","48""","12"""
colorado,Telluride,Epic,2018 - 2019,"323""",63,"44""","42""","110""","19"""
colorado,Telluride,Epic,2019 - 2020,"205""",48,"24""","24""","55""","19"""
colorado,Telluride,Epic,2020 - 2021,"206""",49,"24""","30""","64""","17"""
colorado,Telluride,Epic,2021 - To Date,"179""",39,"34""","37""","58""","20"""
wisconsin,Wilmot Mountain,Epic,2012 - 2013,"44""",18,"14""","33""","56""","12"""
wisconsin,Wilmot Mountain,Epic,2013 - 2014,"58""",21,"20""","52""","47""","7"""
wisconsin,Wilmot Mountain,Epic,2014 - 2015,"15""",6,"18""","30""","226""","4"""
wisconsin,Wilmot Mountain,Epic,2015 - 2016,"12""",6,"4""","15""","16""","5"""
wisconsin,Wilmot Mountain,Epic,2016 - 2017,"17""",9,"6""","10""","20""","4"""
wisconsin,Wilmot Mountain,Epic,2017 - 2018,"37""",15,"6""","10""","28""","8"""
wisconsin,Wilmot Mountain,Epic,2018 - 2019,"35""",9,"9""","15""","24""","10"""
wisconsin,Wilmot Mountain,Epic,2019 - 2020,"6""",1,"9""","17""","29""","6"""
wisconsin,Wilmot Mountain,Epic,2020 - 2021,"22""",11,"9""","10""","20""","5"""
wisconsin,Wilmot Mountain,Epic,2021 - To Date,"10""",4,"19""","18""","64""","4"""
